{
  "intrinsic_matrix": [[384.66638184,   0.0        , 323.68304443],
  [  0.0        , 384.66638184, 239.69670105],
  [  0.0        ,   0.0        ,   1.0        ]],
  "height": 480,
  "width": 640,
  "depth_scale": 1.0
}