{
  "intrinsic_matrix": [
    [
      607.2803955078125,
      0.0,
      315.0819396972656
    ],
    [
      0.0,
      607.329345703125,
      243.4171142578125
    ],
    [
      0.0,
      0.0,
      1.0
    ]
  ],
  "height": 480,
  "width": 640,
  "depth_scale": 1.0
}