{
  "intrinsic_matrix": [[385.9597168 ,   0.0        , 325.15625   ],
  [  0.0        , 385.9597168 , 241.95082092],
  [  0.0        ,   0.0        ,   1.0        ]],
  "height": 480,
  "width": 640,
  "depth_scale": 1.0
}