{
  "intrinsic_matrix": [
    [
      386.0746765136719,
      0.0,
      323.6832275390625
    ],
    [
      0.0,
      385.5475769042969,
      242.87335205078125
    ],
    [
      0.0,
      0.0,
      1.0
    ]
  ],
  "height": 480,
  "width": 640,
  "depth_scale": 1.0
}